path,links,title
/tablesn/nafrchamp.html,52/35,North African Champions Cup
/tablesn/nafrcup09.html,6/5,North African Club Competitions 2008/09
/tablesn/nafrcup2010.html,5/4,North African Club Competitions 2009/10
/tablesn/nafrcup2011.html,4/3,North African Club Competitions 2010/11
/tablesn/nafrcwc.html,6/6,North African Cup
/tablesn/nafrnewchamp.html,5/5,UNAF Champions Cup
/tablesn/nafrnewcwc.html,5/5,UNAF Cup Winners Cup
/tablesn/nami-intres.html,3/2,Namibia International Matches
/tablesn/nami-intres-detwcq.html,0/1,-
/tablesn/nami-intres0009.html,2/2,Namibia - Details of International Matches
/tablesn/nami-prewwi.html,0/2,-
/tablesn/nami00.html,0/2,-
/tablesn/nami02.html,0/2,-
/tablesn/nami03.html,0/2,-
/tablesn/nami04.html,0/2,-
/tablesn/nami05.html,0/2,-
/tablesn/nami06.html,0/2,-
/tablesn/nami07.html,0/2,-
/tablesn/nami08.html,0/2,-
/tablesn/nami09.html,0/2,-
/tablesn/nami2010.html,0/2,-
/tablesn/nami2011.html,0/2,-
/tablesn/nami2012.html,0/2,-
/tablesn/nami2013.html,0/2,-
/tablesn/nami2014.html,0/2,-
/tablesn/nami2015.html,0/2,-
/tablesn/nami2016.html,0/1,-
/tablesn/nami2017.html,0/2,-
/tablesn/nami2018.html,0/2,-
/tablesn/nami2019.html,0/2,-
/tablesn/nami2020.html,0/1,-
/tablesn/nami2021.html,0/2,-
/tablesn/nami2022.html,0/1,-
/tablesn/nami2023.html,0/2,-
/tablesn/nami2024.html,0/3,-
/tablesn/nami2025.html,5/3,Namibia 2024/25
/tablesn/nami2026.html,4/4,Namibia 2025/26
/tablesn/nami72.html,0/1,-
/tablesn/nami76.html,0/1,-
/tablesn/nami77.html,0/2,-
/tablesn/nami78.html,0/1,-
/tablesn/nami79.html,0/1,-
/tablesn/nami81.html,0/1,-
/tablesn/nami82.html,0/1,-
/tablesn/nami83.html,0/1,-
/tablesn/nami84.html,0/1,-
/tablesn/nami85.html,0/2,-
/tablesn/nami86.html,0/2,-
/tablesn/nami87.html,0/2,-
/tablesn/nami88.html,0/2,-
/tablesn/nami89.html,0/1,-
/tablesn/nami90.html,0/2,-
/tablesn/nami91.html,0/2,-
/tablesn/nami92.html,0/2,-
/tablesn/nami93.html,0/2,-
/tablesn/nami94.html,0/2,-
/tablesn/nami95.html,0/1,-
/tablesn/nami96.html,0/1,-
/tablesn/nami98.html,0/2,-
/tablesn/nami99.html,0/2,-
/tablesn/namichamp.html,45/3,Namibia - List of Champions
/tablesn/namicuphist.html,47/3,Namibia - List of Cup Winners
/tablesn/nanhwaindie-tour37.html,0/1,-
/tablesn/nanhwaindie-tour39.html,0/1,-
/tablesn/nauru-intres.html,1/1,Nauru - International Matches
/tablesn/ncam-ccsf.html,1/1,CONCACAF Cups - Final Rounds Balance
/tablesn/ncam-intres2001.html,1/1,International Matches 2001 - North and Central American Countries (CONCACAF)
/tablesn/ncyp-50ann-05.html,0/1,-
/tablesn/ncyp-intres.html,4/1,TR Northern Cyprus International Matches
/tablesn/ncyp-wom08.html,0/1,-
/tablesn/ncyp-wom09.html,4/1,TR Northern Cyprus (Women) 2008/09
/tablesn/ncyp-wom2010.html,0/1,-
/tablesn/ncyp-wom2017.html,0/1,-
/tablesn/ncyp-wom2018.html,4/1,TR Northern Cyprus (Women) 2017/18
/tablesn/ncyp-wom2019.html,0/1,-
/tablesn/ncyp-womchamp.html,0/2,-
/tablesn/ncyp00.html,0/2,-
/tablesn/ncyp01.html,0/2,-
/tablesn/ncyp02.html,0/2,-
/tablesn/ncyp03.html,0/2,-
/tablesn/ncyp04.html,0/2,-
/tablesn/ncyp05.html,0/2,-
/tablesn/ncyp06.html,0/2,-
/tablesn/ncyp07.html,0/2,-
/tablesn/ncyp08.html,0/2,-
/tablesn/ncyp09.html,0/2,-
/tablesn/ncyp2010.html,0/2,-
/tablesn/ncyp2011.html,0/2,-
/tablesn/ncyp2012.html,0/2,-
/tablesn/ncyp2013.html,0/2,-
/tablesn/ncyp2014.html,0/2,-
/tablesn/ncyp2015.html,0/2,-
/tablesn/ncyp2016.html,0/2,-
/tablesn/ncyp2017.html,0/2,-
/tablesn/ncyp2018.html,0/2,-
/tablesn/ncyp2019.html,0/2,-
/tablesn/ncyp2020.html,0/2,-
/tablesn/ncyp2022.html,0/2,-
/tablesn/ncyp2023.html,0/2,-
/tablesn/ncyp2024.html,0/3,-
/tablesn/ncyp2025.html,9/3,TR Northern Cyprus 2024/25
/tablesn/ncyp2026.html,8/4,TR Northern Cyprus 2025/26
/tablesn/ncyp92.html,0/2,-
/tablesn/ncyp93.html,0/2,-
/tablesn/ncyp94.html,0/2,-
/tablesn/ncyp95.html,0/2,-
/tablesn/ncyp96.html,0/2,-
/tablesn/ncyp97.html,0/2,-
/tablesn/ncyp98.html,0/2,-
/tablesn/ncyp99.html,0/2,-
/tablesn/ncypalltime.html,1/2,TR North Cyprus - All-Time Table
/tablesn/ncypchamp.html,36/2,TR Northern Cyprus - List of Champions
/tablesn/ncypclubs.html,1/3,TR Northern Cyprus - Club Info
/tablesn/ncypcup56.html,0/1,-
/tablesn/ncypcuphist.html,24/2,TR North Cyprus - List of Cup Finals
/tablesn/ncyphist.html,13/3,TR Northern Cyprus - List of Final Tables
/tablesn/ncyptops.html,1/2,TR North Cyprus - List of Topscorers
/tablesn/necochea97.html,2/1,Copa Ciudad de Necochea 1997
/tablesn/necochea98.html,0/1,-
/tablesn/ned-amat2013.html,0/1,-
/tablesn/ned-amat2014.html,0/1,-
/tablesn/ned-amat2015.html,0/1,-
/tablesn/ned-amat2016.html,0/1,-
/tablesn/ned-amat2020.html,0/1,-
/tablesn/ned-amat2021.html,0/1,-
/tablesn/ned-amat2025.html,0/1,-
/tablesn/ned-b-intres.html,16/9,Netherlands B - List of International Matches
/tablesn/ned-ec.html,6/1,Dutch Clubs in European Cups
/tablesn/ned-intres.html,37/23,Netherlands - List of International Matches
/tablesn/ned-rk-intres.html,4/1,Netherlands - List of International Matches R.K.F.
/tablesn/ned00.html,0/2,-
/tablesn/ned01.html,0/2,-
/tablesn/ned02.html,0/2,-
/tablesn/ned03.html,0/2,-
/tablesn/ned04.html,0/2,-
/tablesn/ned05.html,0/2,-
/tablesn/ned06.html,0/2,-
/tablesn/ned07.html,0/2,-
/tablesn/ned08.html,0/2,-
/tablesn/ned09.html,0/2,-
/tablesn/ned1888.html,0/1,-
/tablesn/ned1889.html,0/1,-
/tablesn/ned1890.html,0/1,-
/tablesn/ned1891.html,0/4,-
/tablesn/ned1892.html,0/3,-
/tablesn/ned1893.html,0/3,-
/tablesn/ned1894.html,0/4,-
/tablesn/ned1895.html,0/3,-
/tablesn/ned1896.html,0/4,-
/tablesn/ned1897.html,0/3,-
/tablesn/ned1898.html,0/5,-
/tablesn/ned1899.html,13/5,Netherlands 1898/99
/tablesn/ned1900.html,11/5,Netherlands 1899/00
/tablesn/ned1901.html,0/3,-
/tablesn/ned1902.html,0/2,-
/tablesn/ned1903.html,0/2,-
/tablesn/ned1904.html,0/2,-
/tablesn/ned1905.html,0/2,-
/tablesn/ned1906.html,0/2,-
/tablesn/ned1907.html,0/2,-
/tablesn/ned1908.html,0/2,-
/tablesn/ned1909.html,0/2,-
/tablesn/ned1910.html,0/2,-
/tablesn/ned1911.html,0/2,-
/tablesn/ned1912.html,0/2,-
/tablesn/ned1913.html,0/2,-
/tablesn/ned1914.html,0/2,-
/tablesn/ned1915.html,0/2,-
/tablesn/ned1916.html,0/2,-
/tablesn/ned1917.html,0/2,-
/tablesn/ned1918.html,0/2,-
/tablesn/ned1919.html,0/2,-
/tablesn/ned1920.html,0/2,-
/tablesn/ned1921.html,0/2,-
/tablesn/ned1922.html,0/2,-
/tablesn/ned1923.html,0/2,-
/tablesn/ned1924.html,0/2,-
/tablesn/ned1925.html,0/2,-
/tablesn/ned1926.html,0/2,-
/tablesn/ned1927.html,0/2,-
/tablesn/ned1928.html,0/2,-
/tablesn/ned1929.html,0/2,-
/tablesn/ned1930.html,0/2,-
/tablesn/ned1931.html,0/2,-
/tablesn/ned1932.html,0/2,-
/tablesn/ned1933.html,0/2,-
/tablesn/ned1934.html,0/2,-
/tablesn/ned1935.html,0/2,-
/tablesn/ned1936.html,0/2,-
/tablesn/ned1937.html,0/2,-
/tablesn/ned1938.html,0/2,-
/tablesn/ned1939.html,0/2,-
/tablesn/ned1940.html,0/2,-
/tablesn/ned1941.html,0/2,-
/tablesn/ned1942.html,0/2,-
/tablesn/ned1943.html,0/2,-
/tablesn/ned1944.html,0/2,-
/tablesn/ned1945.html,0/2,-
/tablesn/ned1946.html,0/2,-
/tablesn/ned1947.html,0/2,-
/tablesn/ned1948.html,0/2,-
/tablesn/ned1949.html,0/2,-
/tablesn/ned1950.html,0/2,-
/tablesn/ned1951.html,0/2,-
/tablesn/ned1952.html,0/2,-
/tablesn/ned1953.html,0/2,-
/tablesn/ned1954.html,0/3,-
/tablesn/ned1955.html,7/2,Netherlands 1954/55 (amateurs)
/tablesn/ned1956.html,7/3,Netherlands 1955/56 (amateurs)
/tablesn/ned1957.html,7/3,Netherlands 1956/57 (amateurs)
/tablesn/ned1958.html,7/3,Netherlands 1957/58 (amateurs)
/tablesn/ned1959.html,7/3,Netherlands 1958/59 (amateurs)
/tablesn/ned1960.html,8/3,Netherlands 1959/60 (amateurs)
/tablesn/ned1961.html,7/3,Netherlands 1960/61 (amateurs)
/tablesn/ned1962.html,7/3,Netherlands 1961/62 (amateurs)
/tablesn/ned1963.html,7/3,Netherlands 1962/63 (amateurs)
/tablesn/ned1964.html,7/3,Netherlands 1963/64 (amateurs)
/tablesn/ned1965.html,7/3,Netherlands 1964/65 (amateurs)
/tablesn/ned1966.html,7/3,Netherlands 1965/66 (amateurs)
/tablesn/ned1967.html,7/3,Netherlands 1966/67 (amateurs)
/tablesn/ned1968.html,7/3,Netherlands 1967/68 (amateurs)
/tablesn/ned1969.html,7/3,Netherlands 1968/69 (amateurs)
/tablesn/ned1970.html,7/3,Netherlands 1969/70 (amateurs)
/tablesn/ned1971.html,7/3,Netherlands 1970/71 (amateurs)
/tablesn/ned1972.html,7/3,Netherlands 1971/72 (amateurs)
/tablesn/ned1973.html,7/3,Netherlands 1972/73 (amateurs)
/tablesn/ned1974.html,7/3,Netherlands 1973/74 (amateurs)
/tablesn/ned1975.html,7/3,Netherlands 1974/75 (amateurs)
/tablesn/ned1976.html,7/3,Netherlands 1975/76 (amateurs)
/tablesn/ned1977.html,7/3,Netherlands 1976/77 (amateurs)
/tablesn/ned1978.html,7/3,Netherlands 1977/78 (amateurs)
/tablesn/ned1979.html,7/3,Netherlands 1978/79 (amateurs)
/tablesn/ned1980.html,7/3,Netherlands 1979/80 (amateurs)
/tablesn/ned1981.html,6/3,Netherlands 1980/81 (amateurs)
/tablesn/ned1982.html,6/3,Netherlands 1981/82 (amateurs)
/tablesn/ned1983.html,7/3,Netherlands 1982/83 (amateurs)
/tablesn/ned1984.html,7/3,Netherlands 1983/84 (amateurs)
/tablesn/ned1985.html,7/3,Netherlands 1984/85 (amateurs)
/tablesn/ned1986.html,6/3,Netherlands 1985/86 (amateurs)
/tablesn/ned1987.html,6/3,Netherlands 1986/87 (amateurs)
/tablesn/ned1988.html,6/3,Netherlands 1987/88 (amateurs)
/tablesn/ned1989.html,6/3,Netherlands 1988/89 (amateurs)
/tablesn/ned1990.html,7/3,Netherlands 1989/90 (amateurs)
/tablesn/ned1991.html,7/3,Netherlands 1990/91 (amateurs)
/tablesn/ned1992.html,6/3,Netherlands 1991/92 (amateurs)
/tablesn/ned1993.html,6/3,Netherlands 1992/93 (amateurs)
/tablesn/ned1994.html,6/3,Netherlands 1993/94 (amateurs)
/tablesn/ned1995.html,5/2,Netherlands 1994/95 (amateurs)
/tablesn/ned1stclass.html,72/46,Netherlands First Class Champions 1890-1954
/tablesn/ned2010.html,0/3,-
/tablesn/ned2011.html,0/3,-
/tablesn/ned2012.html,0/3,-
/tablesn/ned2013.html,0/3,-
/tablesn/ned2014.html,0/3,-
/tablesn/ned2015.html,0/3,-
/tablesn/ned2016.html,0/3,-
/tablesn/ned2017.html,0/3,-
/tablesn/ned2018.html,0/3,-
/tablesn/ned2019.html,0/3,-
/tablesn/ned2020.html,0/3,-
/tablesn/ned2021.html,0/3,-
/tablesn/ned2022.html,0/3,-
/tablesn/ned2023.html,0/3,-
/tablesn/ned2024.html,0/4,-
/tablesn/ned2025.html,10/4,Netherlands 2024/25
/tablesn/ned2026.html,8/5,Netherlands 2025/26
/tablesn/ned2champ.html,83/4,Netherlands - List of Second and Third Division Champions
/tablesn/ned55.html,0/3,-
/tablesn/ned56.html,0/3,-
/tablesn/ned57.html,0/3,-
/tablesn/ned58.html,0/3,-
/tablesn/ned59.html,0/3,-
/tablesn/ned60.html,0/3,-
/tablesn/ned61.html,0/3,-
/tablesn/ned62.html,0/3,-
/tablesn/ned63.html,0/3,-
/tablesn/ned64.html,0/3,-
/tablesn/ned65.html,0/3,-
/tablesn/ned66.html,0/3,-
/tablesn/ned67.html,0/3,-
/tablesn/ned68.html,0/3,-
/tablesn/ned69.html,0/3,-
/tablesn/ned70.html,0/3,-
/tablesn/ned71.html,0/3,-
/tablesn/ned72.html,0/3,-
/tablesn/ned73.html,0/3,-
/tablesn/ned74.html,0/3,-
/tablesn/ned75.html,0/3,-
/tablesn/ned76.html,0/3,-
/tablesn/ned77.html,0/3,-
/tablesn/ned78.html,0/3,-
/tablesn/ned79.html,0/3,-
/tablesn/ned80.html,0/3,-
/tablesn/ned81.html,0/3,-
/tablesn/ned82.html,0/3,-
/tablesn/ned83.html,0/3,-
/tablesn/ned84.html,0/4,-
/tablesn/ned85.html,0/4,-
/tablesn/ned86.html,0/4,-
/tablesn/ned87.html,0/3,-
/tablesn/ned88.html,0/3,-
/tablesn/ned89.html,0/3,-
/tablesn/ned90.html,0/3,-
/tablesn/ned91.html,0/4,-
/tablesn/ned92.html,0/4,-
/tablesn/ned93.html,0/3,-
/tablesn/ned94.html,0/3,-
/tablesn/ned95.html,0/3,-
/tablesn/ned96.html,0/2,-
/tablesn/ned97.html,0/2,-
/tablesn/ned98.html,0/2,-
/tablesn/ned99.html,0/2,-
/tablesn/nedalltime.html,3/2,Netherlands - All-Time Table Eredivisie
/tablesn/nedamahist.html,0/1,-
/tablesn/nedant-intres.html,1/1,Dutch Antilles/Curacao - List of International Matches
/tablesn/nedant00.html,0/2,-
/tablesn/nedant02.html,0/2,-
/tablesn/nedant03.html,0/2,-
/tablesn/nedant04.html,0/2,-
/tablesn/nedant05.html,0/2,-
/tablesn/nedant06.html,0/2,-
/tablesn/nedant07.html,0/2,-
/tablesn/nedant08.html,0/2,-
/tablesn/nedant09.html,0/2,-
/tablesn/nedant2010.html,0/2,-
/tablesn/nedant21.html,0/1,-
/tablesn/nedant23.html,0/1,-
/tablesn/nedant26.html,0/1,-
/tablesn/nedant31.html,0/1,-
/tablesn/nedant32.html,0/1,-
/tablesn/nedant33.html,0/1,-
/tablesn/nedant34.html,0/1,-
/tablesn/nedant35.html,0/2,-
/tablesn/nedant36.html,0/2,-
/tablesn/nedant37.html,0/1,-
/tablesn/nedant38.html,0/1,-
/tablesn/nedant41.html,0/2,-
/tablesn/nedant43.html,0/1,-
/tablesn/nedant44.html,0/1,-
/tablesn/nedant45.html,0/1,-
/tablesn/nedant47.html,0/1,-
/tablesn/nedant49.html,0/1,-
/tablesn/nedant50.html,0/2,-
/tablesn/nedant52.html,0/1,-
/tablesn/nedant54.html,0/2,-
/tablesn/nedant55.html,0/1,-
/tablesn/nedant56.html,0/1,-
/tablesn/nedant59.html,0/1,-
/tablesn/nedant60.html,0/4,-
/tablesn/nedant61.html,9/3,Dutch Antilles 1960/61
/tablesn/nedant62.html,0/2,-
/tablesn/nedant63.html,0/3,-
/tablesn/nedant64.html,0/2,-
/tablesn/nedant66.html,0/2,-
/tablesn/nedant67.html,0/2,-
/tablesn/nedant70.html,0/2,-
/tablesn/nedant72.html,0/1,-
/tablesn/nedant73.html,0/3,-
/tablesn/nedant75.html,0/3,-
/tablesn/nedant76.html,0/4,-
/tablesn/nedant77.html,9/4,Dutch Antilles 1977/78
/tablesn/nedant78.html,0/3,-
/tablesn/nedant79.html,0/1,-
/tablesn/nedant80.html,0/1,-
/tablesn/nedant82.html,0/1,-
/tablesn/nedant83.html,0/4,-
/tablesn/nedant84.html,0/2,-
/tablesn/nedant85.html,0/1,-
/tablesn/nedant87.html,0/1,-
/tablesn/nedant88.html,0/1,-
/tablesn/nedant89.html,0/1,-
/tablesn/nedant93.html,0/1,-
/tablesn/nedant94.html,0/1,-
/tablesn/nedant97.html,0/2,-
/tablesn/nedant97a.html,0/1,-
/tablesn/nedant99.html,0/1,-
/tablesn/nedantchamp.html,0/6,-
/tablesn/nedchamp.html,148/46,Netherlands - Champions
/tablesn/nedcup00.html,0/1,-
/tablesn/nedcup01.html,0/1,-
/tablesn/nedcup02.html,0/1,-
/tablesn/nedcup03.html,0/1,-
/tablesn/nedcup04.html,0/1,-
/tablesn/nedcup05.html,0/1,-
/tablesn/nedcup06.html,0/1,-
/tablesn/nedcup07.html,0/1,-
/tablesn/nedcup08.html,0/1,-
/tablesn/nedcup09.html,0/1,-
/tablesn/nedcup97.html,0/1,-
/tablesn/nedcup98.html,0/1,-
/tablesn/nedcup99.html,0/1,-
/tablesn/nedcuphist.html,38/5,Netherlands Cup Finals
/tablesn/nedcuphistfull.html,0/1,-
/tablesn/nedfound.html,0/1,-
/tablesn/nedlowalltime.html,0/1,-
/tablesn/nednoord.html,0/1,-
/tablesn/nednoores.html,2/2,Netherlands-Norway matches
/tablesn/nedolydag.html,0/2,-
/tablesn/nedoost.html,0/2,-
/tablesn/nedpolres.html,3/3,Netherlands-Poland matches
/tablesn/nedporres.html,4/4,Netherlands-Portugal matches
/tablesn/nedrkchamp.html,0/1,-
/tablesn/nedromres.html,5/3,Netherlands-Romania matches
/tablesn/nedscores.html,4/2,Netherlands-Scotland matches
/tablesn/nedspares.html,4/3,Netherlands-Spain matches
/tablesn/nedsupcuphist.html,2/3,Netherlands - List of Super Cup Finals
/tablesn/nedtour-antillen52.html,0/1,-
/tablesn/nedtour-indie38.html,0/1,-
/tablesn/nedtsjres.html,6/6,Netherlands-Czechoslovakia/Czech Republic/Slovakia matches
/tablesn/nedturres.html,3/3,Netherlands-Turkey matches
/tablesn/nedwest.html,0/2,-
/tablesn/nedzamres.html,0/4,-
/tablesn/nedzuid.html,0/2,-
/tablesn/nedzweres.html,8/5,Netherlands-Sweden matches
/tablesn/nedzwires.html,3/3,Netherlands-Switzerland matches
/tablesn/nepal-dharan-budhasubba.html,0/1,-
/tablesn/nepal-intres.html,1/1,Nepal - List of International Matches
/tablesn/nepal-pokhara-aaha.html,0/1,-
/tablesn/nepal00.html,0/1,-
/tablesn/nepal01.html,0/1,-
/tablesn/nepal03.html,0/1,-
/tablesn/nepal04.html,0/1,-
/tablesn/nepal05.html,0/1,-
/tablesn/nepal06.html,0/1,-
/tablesn/nepal08.html,0/1,-
/tablesn/nepal2010.html,0/1,-
/tablesn/nepal2011.html,0/1,-
/tablesn/nepal2012.html,0/1,-
/tablesn/nepal2013.html,0/1,-
/tablesn/nepal2014.html,0/1,-
/tablesn/nepal2015.html,0/1,-
/tablesn/nepal2018.html,0/1,-
/tablesn/nepal2020.html,0/1,-
/tablesn/nepal2021.html,0/1,-
/tablesn/nepal2022.html,0/3,-
/tablesn/nepal2023.html,6/3,Nepal 2023
/tablesn/nepal2025.html,5/3,Nepal 2025
/tablesn/nepal2026.html,4/4,Nepal 2026
/tablesn/nepal82.html,0/1,-
/tablesn/nepal84.html,0/1,-
/tablesn/nepal85.html,0/1,-
/tablesn/nepal88.html,0/1,-
/tablesn/nepal97.html,0/1,-
/tablesn/nepal98.html,0/1,-
/tablesn/nepal99.html,0/1,-
/tablesn/nepalchamp.html,31/3,Nepal - List of Champions and Cup Winners
/tablesn/nepalcup02.html,0/1,-
/tablesn/newcal-intres.html,1/1,New Caledonia - List of International Matches
/tablesn/newcal00.html,0/2,-
/tablesn/newcal01.html,0/2,-
/tablesn/newcal02.html,0/2,-
/tablesn/newcal03.html,0/2,-
/tablesn/newcal04.html,0/2,-
/tablesn/newcal05.html,0/2,-
/tablesn/newcal06.html,0/2,-
/tablesn/newcal07.html,0/2,-
/tablesn/newcal08.html,0/2,-
/tablesn/newcal09.html,0/2,-
/tablesn/newcal2009.html,0/1,-
/tablesn/newcal2010.html,0/2,-
/tablesn/newcal2011.html,0/2,-
/tablesn/newcal2012.html,0/2,-
/tablesn/newcal2013.html,0/2,-
/tablesn/newcal2014.html,0/2,-
/tablesn/newcal2015.html,0/2,-
/tablesn/newcal2016.html,0/2,-
/tablesn/newcal2017.html,0/2,-
/tablesn/newcal2018.html,0/2,-
/tablesn/newcal2019.html,0/2,-
/tablesn/newcal2020.html,0/2,-
/tablesn/newcal2021.html,0/3,-
/tablesn/newcal2022.html,6/3,New Caledonia 2022
/tablesn/newcal2023.html,0/3,-
/tablesn/newcal2024.html,0/2,-
/tablesn/newcal2025.html,6/3,New Caledonia 2025
/tablesn/newcal2026.html,5/3,New Caledonia 2026
/tablesn/newcal2027.html,0/1,-
/tablesn/newcal33.html,0/2,-
/tablesn/newcal74.html,0/1,-
/tablesn/newcal75.html,0/1,-
/tablesn/newcal84.html,0/2,-
/tablesn/newcal85.html,0/2,-
/tablesn/newcal88.html,0/1,-
/tablesn/newcal97.html,0/2,-
/tablesn/newcal98.html,0/1,-
/tablesn/newcal99.html,0/2,-
/tablesn/newcalchamp.html,35/3,New Caledonia - List of Champions
/tablesn/newcalcuphist.html,35/3,New Caledonia - List of Cup Finals
/tablesn/newton.html,3/2,Copa Newton
/tablesn/newton-det.html,0/2,-
/tablesn/nica-intres.html,1/1,Nicaragua - List of International Matches
/tablesn/nica00.html,0/1,-
/tablesn/nica01.html,0/1,-
/tablesn/nica02.html,0/1,-
/tablesn/nica03.html,0/1,-
/tablesn/nica04.html,0/1,-
/tablesn/nica05.html,0/2,-
/tablesn/nica06.html,0/1,-
/tablesn/nica07.html,0/1,-
/tablesn/nica08.html,0/1,-
/tablesn/nica09.html,0/1,-
/tablesn/nica2010.html,0/1,-
/tablesn/nica2011.html,0/1,-
/tablesn/nica2012.html,0/1,-
/tablesn/nica2013.html,0/1,-
/tablesn/nica2014.html,0/1,-
/tablesn/nica2015.html,0/1,-
/tablesn/nica2016.html,0/1,-
/tablesn/nica2017.html,0/1,-
/tablesn/nica2018.html,0/1,-
/tablesn/nica2019.html,0/1,-
/tablesn/nica2020.html,0/2,-
/tablesn/nica2021.html,0/2,-
/tablesn/nica2022.html,0/2,-
/tablesn/nica2023.html,0/2,-
/tablesn/nica2024.html,0/3,-
/tablesn/nica2025.html,5/3,Nicaragua 2024/25
/tablesn/nica2026.html,4/3,Nicaragua 2025/26
/tablesn/nica26.html,0/1,-
/tablesn/nica33.html,0/1,-
/tablesn/nica34.html,0/1,-
/tablesn/nica48.html,0/1,-
/tablesn/nica81.html,0/1,-
/tablesn/nica82.html,0/1,-
/tablesn/nica85.html,0/1,-
/tablesn/nica86.html,0/1,-
/tablesn/nica87.html,0/1,-
/tablesn/nica88.html,0/1,-
/tablesn/nica89.html,0/1,-
/tablesn/nica90.html,0/2,-
/tablesn/nica91.html,0/1,-
/tablesn/nica95.html,0/1,-
/tablesn/nica97.html,0/2,-
/tablesn/nica98.html,0/1,-
/tablesn/nica99.html,0/1,-
/tablesn/nicachamp.html,47/2,Nicaragua - List of Champions
/tablesn/nicacup96.html,0/1,-
/tablesn/nicacuphist.html,11/2,Nicaragua - List of Cup Winners
/tablesn/nig-intres.html,2/1,Nigeria International Matches
/tablesn/nig-intres-detwcq.html,0/1,-
/tablesn/nig00.html,0/2,-
/tablesn/nig01.html,0/2,-
/tablesn/nig02.html,0/2,-
/tablesn/nig03.html,0/3,-
/tablesn/nig04.html,0/2,-
/tablesn/nig05.html,0/2,-
/tablesn/nig06.html,0/2,-
/tablesn/nig07.html,0/2,-
/tablesn/nig08.html,0/2,-
/tablesn/nig09.html,0/2,-
/tablesn/nig2010.html,0/2,-
/tablesn/nig2011.html,0/2,-
/tablesn/nig2012.html,0/2,-
/tablesn/nig2013.html,0/2,-
/tablesn/nig2014.html,0/2,-
/tablesn/nig2015.html,0/2,-
/tablesn/nig2016.html,0/2,-
/tablesn/nig2017.html,0/2,-
/tablesn/nig2018.html,0/2,-
/tablesn/nig2019.html,0/2,-
/tablesn/nig2020.html,0/1,-
/tablesn/nig2021.html,0/2,-
/tablesn/nig2022.html,0/2,-
/tablesn/nig2023.html,0/2,-
/tablesn/nig2024.html,0/3,-
/tablesn/nig2025.html,5/3,Nigeria 2024/25
/tablesn/nig2026.html,5/4,Nigeria 2025/26
/tablesn/nig31.html,0/1,-
/tablesn/nig72.html,0/2,-
/tablesn/nig83.html,0/2,-
/tablesn/nig84.html,0/2,-
/tablesn/nig85.html,0/2,-
/tablesn/nig86.html,0/1,-
/tablesn/nig88.html,0/1,-
/tablesn/nig89.html,0/1,-
/tablesn/nig90.html,0/1,-
/tablesn/nig91.html,0/1,-
/tablesn/nig92.html,0/1,-
/tablesn/nig93.html,0/2,-
/tablesn/nig94.html,0/2,-
/tablesn/nig95.html,0/2,-
/tablesn/nig96.html,0/2,-
/tablesn/nig97.html,0/1,-
/tablesn/nig98.html,0/2,-
/tablesn/nig99.html,0/2,-
/tablesn/nigchamp.html,46/2,Nigeria - List of Champions
/tablesn/nigcup80.html,0/1,-
/tablesn/nigcup81.html,0/1,-
/tablesn/nigcup87.html,0/1,-
/tablesn/nigcuphist.html,41/2,Nigeria - List of Cup Winners
/tablesn/niger-intres.html,1/1,Niger - List of International Matches
/tablesn/niger00.html,0/2,-
/tablesn/niger01.html,0/2,-
/tablesn/niger02.html,0/2,-
/tablesn/niger03.html,0/2,-
/tablesn/niger04.html,0/2,-
/tablesn/niger05.html,0/2,-
/tablesn/niger06.html,0/2,-
/tablesn/niger07.html,0/2,-
/tablesn/niger08.html,0/2,-
/tablesn/niger09.html,0/2,-
/tablesn/niger2010.html,0/2,-
/tablesn/niger2011.html,0/2,-
/tablesn/niger2012.html,0/2,-
/tablesn/niger2013.html,0/2,-
/tablesn/niger2014.html,0/2,-
/tablesn/niger2015.html,0/2,-
/tablesn/niger2016.html,0/2,-
/tablesn/niger2017.html,0/2,-
/tablesn/niger2018.html,0/2,-
/tablesn/niger2019.html,0/2,-
/tablesn/niger2020.html,0/2,-
/tablesn/niger2021.html,0/2,-
/tablesn/niger2022.html,0/2,-
/tablesn/niger2023.html,0/2,-
/tablesn/niger2024.html,0/3,-
/tablesn/niger2025.html,5/3,Niger 2024/25
/tablesn/niger2026.html,4/4,Niger 2025/26
/tablesn/niger80.html,0/1,-
/tablesn/niger81.html,0/1,-
/tablesn/niger88.html,0/1,-
/tablesn/niger89.html,0/1,-
/tablesn/niger91.html,0/1,-
/tablesn/niger92.html,0/1,-
/tablesn/niger93.html,0/1,-
/tablesn/niger94.html,0/1,-
/tablesn/niger96.html,0/1,-
/tablesn/niger98.html,0/1,-
/tablesn/niger99.html,0/2,-
/tablesn/nigerchamp.html,37/2,Niger - List of Champions
/tablesn/nigercup95.html,0/1,-
/tablesn/nigercuphist.html,32/2,Niger - List of Cup Winners
/tablesn/nijlbassin2014.html,2/2,CECAFA Nile Basin Cup 2014
/tablesn/nike-u14-00.html,4/3,Nike World Club Cup U-14 2000
/tablesn/nike-u14-01.html,4/3,Nike World Club Cup U-14 2001
/tablesn/nike-u14-02.html,4/3,Nike World Club Cup U-14 2002
/tablesn/nike-u14-03.html,4/3,Nike World Club Cup U-14 2003
/tablesn/nike-u14-04.html,4/3,Nike World Club Cup U-14 2004
/tablesn/nike-u14-05.html,4/3,Nike World Club Cup U-14 2005
/tablesn/nike-u14-06.html,4/3,Nike World Club Cup U-14 2006
/tablesn/nike-u14-07.html,4/3,Nike World Club Cup U-14 2007
/tablesn/nike-u14-08.html,4/3,Nike World Club Cup U-14 2008
/tablesn/nike-u14-09.html,4/3,Nike World Club Cup U-14 2009
/tablesn/nike-u14-97.html,3/2,Nike World Club Cup U-14 1997
/tablesn/nike-u14-98.html,4/3,Nike World Club Cup U-14 1998
/tablesn/nike-u14-99.html,4/3,Nike World Club Cup U-14 1999
/tablesn/nike-u14-clubs.html,24/24,Nike World Club Cup U-14
/tablesn/nike-u15-2010.html,4/3,Nike World Club Cup U-15 2010
/tablesn/nike-u15-2011.html,4/3,Nike World Club Cup U-15 2011
/tablesn/nike-u15-2012.html,4/3,Nike World Club Cup U-15 2012
/tablesn/nike-u15-2013.html,4/3,Manchester United Premier Cup U-15 2013
/tablesn/nike-u15-2014.html,4/3,Manchester United Premier Cup U-15 2014
/tablesn/nike-u15-2015.html,4/3,Manchester United Premier Cup U-15 2015
/tablesn/nike-u15-2016.html,4/3,Nike Premier Cup U-15 2016 (Latin America – Africa)
/tablesn/nike-u15-2017.html,4/3,Nike World Club Cup U-15 2017
/tablesn/nike-u15-2018.html,4/3,Nike World Club Cup U-15 2018
/tablesn/nike-u15-2019.html,3/3,Nike World Club Cup U-15 2019
/tablesn/nil-intres.html,7/3,(Northern) Ireland - International Results
/tablesn/nil-intres00.html,0/1,-
/tablesn/nil-intres60.html,0/1,-
/tablesn/nil-intres70.html,0/1,-
/tablesn/nil-intres80.html,0/1,-
/tablesn/nil-intres90.html,0/1,-
/tablesn/nil00.html,0/1,-
/tablesn/nil01.html,0/1,-
/tablesn/nil02.html,0/1,-
/tablesn/nil03.html,0/1,-
/tablesn/nil04.html,0/1,-
/tablesn/nil05.html,0/1,-
/tablesn/nil06.html,0/1,-
/tablesn/nil07.html,0/1,-
/tablesn/nil08.html,0/1,-
/tablesn/nil09.html,0/1,-
/tablesn/nil2010.html,0/3,-
/tablesn/nil2011.html,0/3,-
/tablesn/nil2012.html,0/3,-
/tablesn/nil2013.html,0/3,-
/tablesn/nil2014.html,0/3,-
/tablesn/nil2015.html,0/3,-
/tablesn/nil2016.html,0/3,-
/tablesn/nil2017.html,0/3,-
/tablesn/nil2018.html,0/3,-
/tablesn/nil2019.html,0/3,-
/tablesn/nil2020.html,0/3,-
/tablesn/nil2021.html,0/2,-
/tablesn/nil2022.html,0/3,-
/tablesn/nil2023.html,0/3,-
/tablesn/nil2024.html,0/4,-
/tablesn/nil2025.html,9/4,Northern Ireland 2024/25
/tablesn/nil2026.html,8/5,Northern Ireland 2025/26
/tablesn/nil78.html,0/2,-
/tablesn/nil79.html,0/2,-
/tablesn/nil80.html,0/2,-
/tablesn/nil81.html,0/2,-
/tablesn/nil82.html,0/2,-
/tablesn/nil83.html,0/2,-
/tablesn/nil84.html,0/2,-
/tablesn/nil85.html,0/2,-
/tablesn/nil86.html,0/2,-
/tablesn/nil87.html,0/3,-
/tablesn/nil88.html,0/3,-
/tablesn/nil89.html,0/3,-
/tablesn/nil90.html,0/3,-
/tablesn/nil91.html,0/3,-
/tablesn/nil92.html,0/3,-
/tablesn/nil93.html,0/3,-
/tablesn/nil94.html,0/3,-
/tablesn/nil95.html,0/3,-
/tablesn/nil96.html,0/3,-
/tablesn/nil97.html,0/3,-
/tablesn/nil98.html,0/2,-
/tablesn/nil99.html,0/2,-
/tablesn/nilchamp.html,50/2,Northern Ireland - Champions
/tablesn/nilcup00.html,0/1,-
/tablesn/nilcup01.html,0/1,-
/tablesn/nilcup02.html,0/1,-
/tablesn/nilcup03.html,0/1,-
/tablesn/nilcup04.html,0/1,-
/tablesn/nilcup05.html,0/1,-
/tablesn/nilcup06.html,0/1,-
/tablesn/nilcup07.html,0/1,-
/tablesn/nilcup08.html,0/1,-
/tablesn/nilcup09.html,0/1,-
/tablesn/nilcup49.html,0/1,-
/tablesn/nilcup97.html,0/1,-
/tablesn/nilcup98.html,0/1,-
/tablesn/nilcup99.html,0/1,-
/tablesn/nilcuphist.html,53/2,Northern Ireland - Cup Finals
/tablesn/nilcuphistsemi.html,0/1,-
/tablesn/nilgoldcuphist.html,3/2,Northern Ireland - List of Gold Cup Winners
/tablesn/nilhist.html,1/2,Northern Ireland - Final League Tables 1890-1998
/tablesn/nilleagcup00.html,0/1,-
/tablesn/nilleagcup01.html,0/1,-
/tablesn/nilleagcup02.html,0/1,-
/tablesn/nilleagcup03.html,0/1,-
/tablesn/nilleagcup04.html,0/1,-
/tablesn/nilleagcup05.html,0/1,-
/tablesn/nilleagcup06.html,0/1,-
/tablesn/nilleagcup07.html,0/1,-
/tablesn/nilleagcup08.html,0/1,-
/tablesn/nilleagcup09.html,0/1,-
/tablesn/nilleagcuphist.html,40/2,Northern Ireland - List of League Cup Finals
/tablesn/nilpolres.html,1/2,Northern Ireland-Poland matches
/tablesn/niltops.html,1/2,Northern Ireland - List of Topscorers
/tablesn/niue-intres.html,1/1,Niue - List of International Matches
/tablesn/nkor-intres.html,1/1,North Korea International Matches 1963-2000
/tablesn/nkrumah.html,1/1,Dr Kwame Nkrumah Gold Cup - West African Soccer Federation championship
/tablesn/nl-ajax-in-ec.html,1/1,Ajax in European Cups
/tablesn/nl-az-in-ec.html,1/1,AZ '67/AZ in European Cups
/tablesn/nl-denhaag-in-ec.html,1/2,ADO/FC Den Haag in European Cups
/tablesn/nl-dws-in-ec.html,1/1,DWS/FC Amsterdam in European Cups
/tablesn/nl-groningen-in-ec.html,1/1,FC Groningen in European Cups
/tablesn/nmarianas-intres.html,16/1,Northern Mariana Islands representative football team - list of matches
/tablesn/nmarianas05.html,0/1,-
/tablesn/nmarianas07.html,0/1,-
/tablesn/nmarianas07b.html,0/1,-
/tablesn/nmarianas08.html,0/1,-
/tablesn/nmarianas09.html,0/1,-
/tablesn/nmarianas2010.html,0/1,-
/tablesn/nmarianas2011.html,0/1,-
/tablesn/nmarianas2012.html,0/1,-
/tablesn/nmarianas2013.html,0/1,-
/tablesn/nmarianaschamp.html,22/2,Northern Marianas - List of Champions
/tablesn/nmi2015.html,0/1,-
/tablesn/nmi2016.html,0/1,-
/tablesn/nmi2017.html,0/1,-
/tablesn/nmi2018.html,0/1,-
/tablesn/nmi2019.html,0/1,-
/tablesn/nmi2020.html,0/1,-
/tablesn/nmi2021.html,0/1,-
/tablesn/nmi2022.html,0/1,-
/tablesn/nmi2023.html,0/1,-
/tablesn/nmi2024.html,0/2,-
/tablesn/nmi2025.html,5/3,Northern Marianas 2025
/tablesn/nmi2026.html,3/3,Northern Marianas 2026
/tablesn/nmkd2020.html,0/2,-
/tablesn/nmkd2021.html,0/2,-
/tablesn/nmkd2022.html,0/2,-
/tablesn/nmkd2023.html,0/2,-
/tablesn/nmkd2024.html,0/3,-
/tablesn/nmkd2025.html,10/3,North Macedonia 2024/25
/tablesn/nmkd2026.html,9/4,North Macedonia 2025/26
/tablesn/nngchamp.html,0/2,-
/tablesn/nonfifa-coneuro.html,6/7,ConIFA European Football Cup
/tablesn/nonfifa-coneuro15.html,3/2,ConIFA European Football Cup 2015
/tablesn/nonfifa-coneuro17.html,4/3,ConIFA European Football Cup 2017
/tablesn/nonfifa-coneuro19.html,4/3,ConIFA European Football Cup 2019
/tablesn/nonfifa-coneuro22.html,4/3,ConIFA European Football Cup 2022
/tablesn/nonfifa-coneuro26.html,3/2,"CONIFA Euro 2026 Insubria (Carate Brianza, Verano Brianza)"
/tablesn/nonfifacups.html,4/4,Non-FIFA World Cups
/tablesn/noo-aif-intres.html,2/1,Norway - AIF Team Matches 1925-1939
/tablesn/noo-b-intres.html,3/2,Norway - International Results B-Team
/tablesn/noo-b-intres2002.html,0/1,-
/tablesn/noo-intres2002.html,1/2,Norway International Matches - Details 2002
/tablesn/noo-intres2003.html,3/3,Norway International Matches - Details 2003
/tablesn/noo-intres2004.html,2/3,Norway International Matches - Details 2004
/tablesn/noo-intres2005.html,2/3,Norway International Matches - Details 2005
/tablesn/noo-intres2006.html,2/3,Norway International Matches - Details 2006
/tablesn/noo-intres2007.html,2/3,Norway International Matches - Details 2007
/tablesn/noo-intres2008.html,2/3,Norway International Matches - Details 2008
/tablesn/noo-intres2009.html,2/3,Norway International Matches - Details 2009
/tablesn/noo-intres2010.html,2/3,Norway International Matches - Details 2010
/tablesn/noo-intres2011.html,2/3,Norway International Matches - Details 2011
/tablesn/noo-intres2012.html,2/3,Norway International Matches - Details 2012
/tablesn/noo-intres2013.html,3/3,Norway International Matches - Details 2013
/tablesn/noo-intres2014.html,3/3,Norway International Matches - Details 2014
/tablesn/noo-intres2015.html,3/3,Norway International Matches - Details 2015
/tablesn/noo-intres2016.html,2/3,Norway International Matches - Details 2016
/tablesn/noo-intres2017.html,2/3,Norway International Matches - Details 2017
/tablesn/noo-intres2018.html,2/3,Norway International Matches - Details 2018
/tablesn/noo-intres2019.html,2/3,Norway International Matches - Details 2019
/tablesn/noo-intres2020.html,3/3,Norway International Matches - Details 2020
/tablesn/noo-intres2021.html,3/3,Norway International Matches - Details 2021
/tablesn/noo-intres2022.html,3/3,Norway International Matches - Details 2022
/tablesn/noo-intres2023.html,3/3,Norway International Matches - Details 2023
/tablesn/noo-intres2024.html,3/3,Norway International Matches - Details 2024
/tablesn/noo-intres2025.html,2/3,Norway International Matches - Details 2025
/tablesn/noo00.html,0/1,-
/tablesn/noo01.html,0/1,-
/tablesn/noo02.html,0/1,-
/tablesn/noo03.html,0/1,-
/tablesn/noo04.html,0/1,-
/tablesn/noo05.html,0/1,-
/tablesn/noo06.html,0/1,-
/tablesn/noo07.html,0/1,-
/tablesn/noo08.html,0/1,-
/tablesn/noo09.html,0/2,-
/tablesn/noo2010.html,0/2,-
/tablesn/noo2011.html,0/2,-
/tablesn/noo2012.html,0/2,-
/tablesn/noo2013.html,0/2,-
/tablesn/noo2014.html,0/2,-
/tablesn/noo2015.html,0/2,-
/tablesn/noo2016.html,0/2,-
/tablesn/noo2017.html,0/2,-
/tablesn/noo2018.html,0/2,-
/tablesn/noo2019.html,0/2,-
/tablesn/noo2020.html,0/1,-
/tablesn/noo2021.html,0/2,-
/tablesn/noo2022.html,0/2,-
/tablesn/noo2023.html,0/3,-
/tablesn/noo2024.html,5/3,Norway 2024
/tablesn/noo2025.html,4/3,Norway 2025
/tablesn/noo98.html,0/1,-
/tablesn/noo99.html,0/1,-
/tablesn/noochamp.html,28/2,Norway - List of Champions
/tablesn/noocup00.html,0/1,-
/tablesn/noocup01.html,0/1,-
/tablesn/noocup02.html,0/1,-
/tablesn/noocup03.html,0/1,-
/tablesn/noocup04.html,0/1,-
/tablesn/noocup05.html,0/1,-
/tablesn/noocup06.html,0/1,-
/tablesn/noocup07.html,0/1,-
/tablesn/noocup08.html,0/1,-
/tablesn/noocup98.html,0/1,-
/tablesn/noocup99.html,0/1,-
/tablesn/noocuphist.html,28/2,Norway - List of Cup Finals
/tablesn/noonames.html,1/1,Norway - Analysis of Club Names
/tablesn/nord2001.html,3/2,Nordic Championship 2000-01
/tablesn/nord2428.html,2/2,Nordic Championships 1924-28
/tablesn/nord2932.html,3/3,Nordic Championships 1929-32
/tablesn/nord3336.html,3/3,Nordic Championships 1933-36
/tablesn/nord3747.html,3/3,Nordic Championships 1937-47
/tablesn/nord4851.html,3/3,Nordic Championships 1948-51
/tablesn/nord5255.html,3/3,Nordic Championships 1952-55
/tablesn/nord5659.html,3/3,Nordic Championships 1956-59
/tablesn/nord6063.html,3/3,Nordic Championships 1960-63
/tablesn/nord6467.html,3/3,Nordic Championships 1964-67
/tablesn/nord6871.html,3/3,Nordic Championships 1968-71
/tablesn/nord7277.html,3/3,Nordic Championships 1972-77
/tablesn/nord7880.html,3/3,Nordic Championships 1978-80
/tablesn/nord8183.html,4/3,Nordic Championships 1981-83
/tablesn/nordic.html,18/17,Nordic Championships - Overview
/tablesn/north-am-champ47.html,0/2,-
/tablesn/north-am-champ49.html,5/2,North American Championship 1949 (Mexico)
/tablesn/north-am-champ90.html,0/2,-
/tablesn/north-am-champ91.html,0/1,-
/tablesn/north-atl-cup.html,0/2,-
/tablesn/norzweres.html,7/4,The Kölen/Kjølen Derby: Norway-Sweden matches
/tablesn/nrhodesia-intres.html,3/2,Northern Rhodesia - List of International Matches
/tablesn/nviet-intres.html,3/3,North Vietnam - List of International Matches
/tablesn/nyemen-intres.html,3/3,North Yemen - List of International Matches
/tablesn/nz-b-intres.html,3/1,New Zealand B - International Matches
/tablesn/nz-brownhist.html,2/5,New Zealand - Brown Shield History
/tablesn/nz-interisland.html,2/3,New Zealand - The Inter-Island match 1920-67
/tablesn/nz-intres.html,9/3,New Zealand International Matches
/tablesn/nz-intres-det00.html,0/1,-
/tablesn/nz-intres-det10.html,0/1,-
/tablesn/nz-intres-det70.html,0/1,-
/tablesn/nz-intres-det80.html,0/1,-
/tablesn/nz-intres-det90.html,0/1,-
/tablesn/nz-trophyhist.html,3/4,New Zealand - Football Trophy History
/tablesn/nz-u15-intres.html,3/1,New Zealand Junior (U-15) - International Matches
/tablesn/nz-u17-intres.html,2/2,New Zealand Junior (U-16/U-17) - International Matches
/tablesn/nz-u20-intres.html,2/2,New Zealand - U-20 International Matches
/tablesn/nz-u21-intres.html,3/1,New Zealand (U-21) - International Matches
/tablesn/nz-u23-intres.html,2/1,New Zealand - U-23 International Matches
/tablesn/nz-varcuphist.html,26/4,New Zealand - List of Various Cup Finals
/tablesn/nz-wc.html,0/1,-
/tablesn/nz00.html,0/2,-
/tablesn/nz01.html,0/2,-
/tablesn/nz02.html,0/2,-
/tablesn/nz03.html,0/2,-
/tablesn/nz04.html,0/2,-
/tablesn/nz05.html,0/2,-
/tablesn/nz06.html,0/2,-
/tablesn/nz07.html,0/2,-
/tablesn/nz08.html,0/2,-
/tablesn/nz09.html,0/2,-
/tablesn/nz1891.html,0/1,-
/tablesn/nz1892.html,0/1,-
/tablesn/nz1893.html,0/1,-
/tablesn/nz1894.html,0/1,-
/tablesn/nz1895.html,0/1,-
/tablesn/nz1896.html,0/1,-
/tablesn/nz1897.html,0/1,-
/tablesn/nz1898.html,0/1,-
/tablesn/nz1899.html,0/1,-
/tablesn/nz1900.html,0/1,-
/tablesn/nz1901.html,0/1,-
/tablesn/nz1902.html,0/1,-
/tablesn/nz1903.html,0/1,-
/tablesn/nz1904.html,0/1,-
/tablesn/nz1905.html,0/1,-
/tablesn/nz1906.html,0/1,-
/tablesn/nz1907.html,0/1,-
/tablesn/nz1908.html,0/1,-
/tablesn/nz1909.html,0/1,-
/tablesn/nz1910.html,0/1,-
/tablesn/nz1911.html,0/1,-
/tablesn/nz1912.html,0/1,-
/tablesn/nz1913.html,0/1,-
/tablesn/nz1914.html,0/1,-
/tablesn/nz1915.html,0/1,-
/tablesn/nz1916.html,0/1,-
/tablesn/nz1917.html,0/1,-
/tablesn/nz1918.html,0/1,-
/tablesn/nz1919.html,0/1,-
/tablesn/nz1920.html,0/1,-
/tablesn/nz1921.html,0/1,-
/tablesn/nz1922.html,0/1,-
/tablesn/nz1923.html,0/2,-
/tablesn/nz1924.html,0/2,-
/tablesn/nz1925.html,0/2,-
/tablesn/nz1926.html,0/2,-
/tablesn/nz1927.html,0/2,-
/tablesn/nz1928.html,0/2,-
/tablesn/nz1929.html,0/2,-
/tablesn/nz1930.html,0/2,-
/tablesn/nz1931.html,0/2,-
/tablesn/nz1932.html,0/2,-
/tablesn/nz1933.html,0/2,-
/tablesn/nz1934.html,0/2,-
/tablesn/nz1935.html,0/2,-
/tablesn/nz1936.html,0/2,-
/tablesn/nz1937.html,0/1,-
/tablesn/nz1938.html,0/2,-
/tablesn/nz1939.html,0/2,-
/tablesn/nz1940.html,0/2,-
/tablesn/nz1941.html,0/1,-
/tablesn/nz1942.html,0/1,-
/tablesn/nz1943.html,0/1,-
/tablesn/nz1944.html,0/1,-
/tablesn/nz1945.html,0/2,-
/tablesn/nz1946.html,0/2,-
/tablesn/nz1947.html,0/2,-
/tablesn/nz1948.html,0/2,-
/tablesn/nz1949.html,0/2,-
/tablesn/nz2010.html,0/2,-
/tablesn/nz2011.html,0/2,-
/tablesn/nz2012.html,0/2,-
/tablesn/nz2013.html,0/2,-
/tablesn/nz2014.html,0/2,-
/tablesn/nz2015.html,0/2,-
/tablesn/nz2016.html,0/2,-
/tablesn/nz2017.html,0/3,-
/tablesn/nz2018.html,0/3,-
/tablesn/nz2019.html,0/3,-
/tablesn/nz2020.html,0/2,-
/tablesn/nz2021.html,0/2,-
/tablesn/nz2021a.html,0/3,-
/tablesn/nz2022.html,11/3,New Zealand 2022
/tablesn/nz2023.html,0/4,-
/tablesn/nz2024.html,11/3,New Zealand 2024
/tablesn/nz2025.html,10/4,New Zealand 2025
/tablesn/nz50.html,0/2,-
/tablesn/nz51.html,0/2,-
/tablesn/nz52.html,0/2,-
/tablesn/nz53.html,0/2,-
/tablesn/nz54.html,0/2,-
/tablesn/nz55.html,0/2,-
/tablesn/nz56.html,0/2,-
/tablesn/nz57.html,0/2,-
/tablesn/nz58.html,0/2,-
/tablesn/nz59.html,0/2,-
/tablesn/nz60.html,0/2,-
/tablesn/nz61.html,0/2,-
/tablesn/nz62.html,0/3,-
/tablesn/nz63.html,0/3,-
/tablesn/nz64.html,0/2,-
/tablesn/nz65.html,0/2,-
/tablesn/nz66.html,0/2,-
/tablesn/nz67.html,0/2,-
/tablesn/nz68.html,0/2,-
/tablesn/nz69.html,0/2,-
/tablesn/nz70.html,0/2,-
/tablesn/nz71.html,0/2,-
/tablesn/nz72.html,0/2,-
/tablesn/nz73.html,0/2,-
/tablesn/nz74.html,0/3,-
/tablesn/nz75.html,0/3,-
/tablesn/nz76.html,0/3,-
/tablesn/nz77.html,0/3,-
/tablesn/nz78.html,0/3,-
/tablesn/nz79.html,0/3,-
/tablesn/nz80.html,0/3,-
/tablesn/nz81.html,0/3,-
/tablesn/nz82.html,0/3,-
/tablesn/nz83.html,0/3,-
/tablesn/nz84.html,0/3,-
/tablesn/nz85.html,0/3,-
/tablesn/nz86.html,0/3,-
/tablesn/nz87.html,0/3,-
/tablesn/nz88.html,0/2,-
/tablesn/nz89.html,0/2,-
/tablesn/nz90.html,0/3,-
/tablesn/nz91.html,0/3,-
/tablesn/nz92.html,0/2,-
/tablesn/nz93.html,0/2,-
/tablesn/nz94.html,0/2,-
/tablesn/nz95.html,0/1,-
/tablesn/nz96.html,0/1,-
/tablesn/nz97.html,0/1,-
/tablesn/nz98.html,0/2,-
/tablesn/nz99.html,0/2,-
/tablesn/nzalltime.html,1/3,New Zealand - All-Time Tables
/tablesn/nzchamp.html,141/3,New Zealand - List of Champions
/tablesn/nzcuphist.html,96/5,New Zealand - List of Chatham Cup Finals
/tablesn/nzhist.html,1/5,New Zealand - Final Tables National Soccer League
/tablesn/nzss-intres.html,2/1,-
